Subject,Electrode,Ictal,Interictal,Ratio,UpScale
Dog_1,16,178,418,0.425837321,2
Dog_2,16,172,1148,0.149825784,1
Dog_3,16,480,4760,0.100840336,1
Dog_4,16,257,2790,0.092114695,1
Patient_1,68,70,104,0.673076923,10
Patient_2,16,151,2990,0.050501672,1
Patient_3,55,327,714,0.457983193,2
Patient_4,72,20,190,0.105263158,4
Patient_5,64,135,2610,0.051724138,1
Patient_6,30,225,2772,0.081168831,1
Patient_7,36,282,3239,0.087063909,1
Patient_8,16,180,1710,0.105263158,1
